Vertex 1;Vertex 2
veysel_uzumcu;ekrem_imamoglu
aygenugur;tc_istanbul
ersindeger2;birtutamtwitt
yambaxx;hetenketenabi
ortabudala;nazimdikbas
erkan58597958;ekrem_imamoglu
lýfel0uýsave;lulideftt
mmcelikel;nihatsirdar
aysunnusya1;enveryan
ynscyln1010;demarkesports
ynscyln1010;anlgzlcan
uyuzserseri;esra_rengiz76
omergen11;nihatsirdar
melikeedas;ekrem_imamoglu
donatgazi;hetenketenabi
donatgazi;hetenketenabi
akbayrakcilem;tc_istanbul
akbayrakcilem;cosarf
alpturac;candundaradasi
keremceea;nihatsirdar
denizakt65;ilhanidris
upnkup;upnkup
aytekin19967196;ccanannnnnn
aytekin19967196;ccanannnnnn
akursatoral;ccanannnnnn
akursatoral;ccanannnnnn
zzgr_zgr;nihatsirdar
brsgulmez;ekrem_imamoglu
mertemay;ccanannnnnn
bagcbir;bagcbir
basaksecen;bagcbir
retweetfadil;nihatsirdar
aut26aut;avalia_yeni_hsp
aalk32843067;kucukkayaýsmail
aalk32843067;foxhaber
tamer0571;kucukkayaýsmail
tamer0571;foxhaber
medeniusul;septicfield
serdal_uruc;dusunduren_deli
yns84343042;ccanannnnnn
yns84343042;ccanannnnnn
ozayban;enveraysevera
mucellatugrul;hzlandrc
mucellatugrul;nihatsirdar
mucellatugrul;fbliumut34
isostar75;ekrem_imamoglu
korsan1923;nolcakbulkenin1
korsan1923;vzxky_849
44tmr;44tmr
stailontano;nocontextdtweb
armagan34403953;kucukkayaýsmail
aydinemincan;tc_istanbul
zeynebka_;nacigorur
yamannayhann;aklingozu
ercan_42_rte;ekrem_imamoglu
sennagumus;ononhareket
tanerturkay;enveraysevera
dryagci;cinarlikubbeli
toprak_mim;emrkongar
toprak_mim;ruhykokturk
raptomia;raptomia
adilerthesab;ekrem_imamoglu
adilerthesab;serdaribrahimke
gulebilirimhaha;ekrem_imamoglu
gulebilirimhaha;serdaribrahimke
romantikesinti;ekrem_imamoglu
romantikesinti;serdaribrahimke
minasungu;ekrem_imamoglu
minasungu;serdaribrahimke
bisevilemedik;ekrem_imamoglu
bisevilemedik;serdaribrahimke
bomontiblog;ekrem_imamoglu
bomontiblog;serdaribrahimke
celofe23;ekrem_imamoglu
celofe23;serdaribrahimke
aybukekiriilmis;ekrem_imamoglu
aybukekiriilmis;serdaribrahimke
sadecezulal;ekrem_imamoglu
sadecezulal;serdaribrahimke
tumbfact;ekrem_imamoglu
tumbfact;serdaribrahimke
kalemdenkale;ekrem_imamoglu
kalemdenkale;serdaribrahimke
kimbumelike1;ekrem_imamoglu
kimbumelike1;serdaribrahimke
deryaalty;ekrem_imamoglu
deryaalty;serdaribrahimke
yenimedya00;ekrem_imamoglu
yenimedya00;serdaribrahimke
mavismavi07;ekrem_imamoglu
mavismavi07;serdaribrahimke
zehraakoc_;ekrem_imamoglu
zehraakoc_;serdaribrahimke
denizkara_06;ekrem_imamoglu
denizkara_06;serdaribrahimke
mavi__siir;ekrem_imamoglu
mavi__siir;serdaribrahimke
dediki_34;ekrem_imamoglu
dediki_34;serdaribrahimke
bu_dava_hak;ekrem_imamoglu
bu_dava_hak;serdaribrahimke
jokerrr_rt;ekrem_imamoglu
jokerrr_rt;serdaribrahimke
cansuaktas240;ekrem_imamoglu
cansuaktas240;serdaribrahimke
hazretitwitt;ekrem_imamoglu
hazretitwitt;serdaribrahimke
retweetvapuru;ekrem_imamoglu
retweetvapuru;serdaribrahimke
birminikpika;ekrem_imamoglu
birminikpika;serdaribrahimke
banucum_rt;ekrem_imamoglu
banucum_rt;serdaribrahimke
trakyalion1905;ekrem_imamoglu
trakyalion1905;serdaribrahimke
mavi55767146;ekrem_imamoglu
mavi55767146;serdaribrahimke
adam_rt_atar;ekrem_imamoglu
adam_rt_atar;serdaribrahimke
cemalsureyadize;ekrem_imamoglu
cemalsureyadize;serdaribrahimke
retweetgemisi;ekrem_imamoglu
retweetgemisi;serdaribrahimke
rukiye64954278;fahoogerbeets
miraclewoman20;ilkkursungazete
yavuz51007359;yavuz51007359
ve_leyl;metcihan
ve_leyl;ramazanq3
d_r_y_82;sevi3359
eyt_cin;tc_bildiskemal
i_k_b_a_l;haciykk
fener27gfb;nihatsirdar
simaybaygn;nihatsirdar
hakankerimhamdi;ccanannnnnn
5kapseli3;5kapseli3
mymediabx;garipliktalibi
erdog4ns4koglu;haciykk
ademdum94931677;nihatsirdar
yagmurgursogut;fatihportakal
haberkuliss;haberkuliss
cengizatak7;ccanannnnnn
forcething;forcething
rzaycel3;ccanannnnnn
yasin_teoman;profesorfacia
anaforss;baristerkoglu
eniyisiaynen;fatihportakal
__koliva5;serdaribrahimke
__koliva5;ekrem_imamoglu
iyldrmm;kandilli_info
bradypus001;hasanzkul11
ozerozcimen;hetenketenabi
bianet_org;demetbilgeee
bulamiyorumya;paleosismolog
islamoglua;ahval_tr
sigortagundem;sigortagundem
ugonultas25;hasemierol
vedaat5;celebi_kahraman
calamity69;washatti
emreyavuz1907;fatihportakal
karatasbulentde;youtube
gulcan24338014;fatihportakal
filizarslanistc;navyangel07
aslankral344;aslankral344
sukanmine;ccanannnnnn
lusburak;haciykk
arzu70378281;fatihportakal
aýbrahimyalcin;profesorfacia
dilekizgi;colakrengin
nc91244095;izzetdas
sonfasobukucu;gokhanozbek
ebusena571;58_yigidom_58
__mihman__;onuncukoydegsli
__mihman__;mstselanik
hashus1099;cyaltirak
frkersn;bunduqdari
byhn39078834;yasemn4203
byhn39078834;avalia_yeni_hsp
mustafasavran14;dusunduren_deli
bokunucikarma;propiyonat
bokunucikarma;fatihportakal
guvenkamac;twitbakani
mehmetoksz27;izzetdas
darkphobiaa;fatihportakal
ephesus_univ;ekrem_imamoglu
ekremvergili6;hzlandrc
ferhaty90238831;ferhaty90238831
gulokanigul73;fikriakyuz99
gunesyakut;fatihportakal
yusufdede38;hetenketenabi
yusufdede38;hetenketenabi
yusufdede38;fuatugur
ferdkaza1;nihatsirdar
ferdkaza1;avalia_yeni_hsp
giyas54;tc_istanbul
gulbanugy;tivityali1
ilyadaksk;celal_hocaniz
defrimm53;ankahabera
fb0934;fatihportakal
tcfbfbfbkalp;ekrem_imamoglu
demiraluluboy;av_selimyavuz
setokaina;fatihportakal
sciencehex;sciencehex
baranemreer;fatihportakal
unverdituncay;muratsarica_
refiyese;nihatsirdar
refiyese;mikdatca
aort_abi;fatihportakal
waldorfmuppet1;ibrhmvarli
waldorfmuppet1;birgun_gazetesi
faatihtamer;ntv
fs4yin;sevkiyilmaz
ridvanyildi;ridvanyildi
mete_gullu;berceste77
tunaevli;fatihportakal
mucait43;ertan_aksoy
patan_28;patan_28
necmýye65;necmýye65
zasuman;06melihgokcek
unserbahn;fatihportakal
burcuulus1;cansinn1907
mami587_eyt_eyt;ekrem_imamoglu
joseph_3300;fatihportakal
gulljonathan1;ekrem_imamoglu
onuryilmaz1903;fatihportakal
hamurab20388347;birgun_gazetesi
alantirikci;muhammetyzcm
grkem57388053;fatihportakal
besersasaradsli;fatihportakal
grn1604;drsezai
gulerarslan8181;yelizzkoray
avukatjan;fatihportakal
asevincligil;fatihportakal
freeforza;zaytungtv
gokboru070;fatmaatakk
hasturksadiye;vapurfilozofu
ahmetarifoglu2;ankahabera
haradin_;haradin_
haradin_;haradin_
siyahmanifesto;fatihportakal
hasanzekic;fatihportakal
is____o;fatihportakal
trapyese;ccanannnnnn
ahmetburakreis;nesrinnas
ahmetburakreis;gokhanozbek
1957dali;candundaradasi
1957dali;adilserdars
nazuyanik;ekrem_imamoglu
ismailcemelemen;enveraysevera
ismailcemelemen;av_selimyavuz
yilmazeraybasti;cumhuriyetgzt
ergundolek1;dalierzincanli
husrandurdu;fatihportakal
husrandurdu;gokhanozbek
sidarece;ekrem_imamoglu
bahatutar;istshd
yunusozgumus;themarginale
yunusozgumus;tc_istanbul
yunusozgumus;cosarf
byhector3;fatihportakal
mehmety80098153;avalia_yeni_hsp
batuuhannnnn;ekrem_imamoglu
ilvurur;nihatsirdar
duvesimali;ccanannnnnn
haberler;haberler
kemal_rt3;bencedelale
aycanemar;fatihportakal
ertetikp;nihatsirdar
halkcbaskan;halkcbaskan
gercekler63;birtutamtwitt
cingirklisaat;gazeteduvar
cingirklisaat;farukkose52
karakus_ayla;hzlandrc
oznurbsr;fatihportakal
eefsun;nihatsirdar
supersinko;nihatsirdar
eavci10;fatihportakal
usyinn;kucukkayaýsmail
usyinn;nrdncnbl
ballilokmayiz;sevimlicerenli
pnargul5;handanbora5
habibe87912339;cansinn1907
isotunca;yigitbulutt
asimsek5807;fatihportakal
gkhnkaraduman;gkhnkaraduman
halukkaptan571;fatihportakal
taambesus;turktelekom
altunsoyleyla;fatihportakal
gulhansacc;avicenna_razi
_foodsloverss;cansinn1907
tulum_hayri;guclumete
yavuztrcn;mehmet_kukus
fidan_hakaner;ahmetcoskun511
fidan_hakaner;berceste77
fidan_hakaner;zekibahce
ozaymakar;candundaradasi
mimararti;gokhanozbek
mimararti;tc_bildiskemal
mimararti;nihatsirdar
mimararti;nihatsirdar
mimararti;fbliumut34
mimararti;deri_nnnn1903
yldrmustfa;yldrmustfa
zeynepzonguldak;mugurdemir
mustafa25051;ajansdreklam
ismail_umay;nihatsirdar
budakyavuz;fatihportakal
bakir54;tc_bildiskemal
orhune;orhune
esinalacaa;elelechp
esinalacaa;ccanannnnnn
sevda__er;sevda__er
yksel37726202;aydemirbulent
birsenim1919;ozcanamabasdag1
nadidegursess;ccanannnnnn
nadidegursess;ccanannnnnn
nadidegursess;baristerkoglu
nadidegursess;orhanbursalý
cigdosca;balm1923
cigdosca;avalia_yeni_hsp
cigdosca;avalia_yeni_hsp
cigdosca;mkasirinbab
ufukocal35;ufukcoskunn
ayekocaolu7;sozcumuratoglu
lutfiyeoztrk;fatihportakal
lutfiyeoztrk;nihatsirdar
dilekculculoglu;ccanannnnnn
dilekculculoglu;ccanannnnnn
jongorgel;batuhancolak33
ktaskin70;avcilarbel
sevintaskiran;sevintaskiran
kcc45521638;havarenamedya
hatisyildirim;sefa_said
hatisyildirim;av_selimyavuz
fiyonk_cilek;ccanannnnnn
fiyonk_cilek;ccanannnnnn
tahadmr25;ilerihaber
mehmetalisaygi6;ccanannnnnn
mehmetalisaygi6;ccanannnnnn
kadrikose;kadrikose
hakany71;baristerkoglu
busekirkoc;busekirkoc
devecihukuk;tc_bildiskemal
halukarslan67;ccanannnnnn
saliho24549914;fatihportakal
cihanpolat1923;fatihportakal
umtcik;hulyahokenek
umtcik;haberturktv
sonay_ingrit;daesy55676957
dirrenincce;solhaberportali
celaltoparlakli;gurkanhacir
celaltoparlakli;aydemirbulent
blodiebowie;blodiebowie
blodiebowie;blodiebowie
turgay20081976;politic_tr
selcukumut1;nihatsirdar
selcukumut1;tc_bildiskemal
selcukumut1;deri_nnnn1903
selcukumut1;kucukkayaýsmail
meltemguzelordu;enveryucel
tatasomer;tatasomer
kemal_rt4;bencedelale
kmuratbaynal;birolgurmhp
kmuratbaynal;ifarukaksu
kmuratbaynal;_mhpistanbul_
can_y_can;fatihportakal
evolkanc;gurkaynakgonenc
payitaht31;sla_ecem_
avibrahimbulut;drsezai
semihevliyaolu;fatihportakal
gulay_oneri;hetenketenabi
papatyalidusler;hetenketenabi
ylmaz35027805;ekrem_imamoglu
didemmkorucu;fatihportakal
gulgun53649621;ekrem_imamoglu
gulgun53649621;fatihportakal
slowlyswing54;cyaltirak
burhansagsen;heterodoks
canalicihan;cyaltirak
izzet_baskan;muhammedbzkir
isildikmenoglu;deri_nnnn1903
isildikmenoglu;hzlandrc
duna51;nesrinnas
halilergun;halilergun
pollyanna4141;melihaokur2
boratrkmen;fatihportakal
__serkanozdemir;gokhanozbek
nurayemekliogl1;candundaradasi
nsema29;46_rte
nsema29;aydnmermerci
nsema29;ekremakdoan
nsema29;denizimsimavi2
nsema29;sarikocmurat
nsema29;ahmetalpay63
nsema29;berceste77
nsema29;avicenna_razi
nsema29;avicenna_razi
nsema29;ezo_ist
nsema29;efe60ayhan
elif_akyldz1;osmanozturk28
elifkorkutgirg2;candundaradasi
marie_fb;cyaltirak
limpidae34;fatihportakal
yprkhsngl;fatihportakal
zeki_2727;tivityali1
hasansaribuga;ibrahimozdabak
yuxel76;politikprofesor
masumses;hetenketenabi
ozkankardes;farukkose52
merol98;ekrem_imamoglu
sofyanli;enveryan
bekliyen_omer;debuffer1
cihanbjkcarsi;nihatsirdar
odmanasli;banuguven
m4sy4f;bilaltas9
kyzersuze;ozcanamabasdag1
mahiracemi;mahiracemi
kemal_rt5;bencedelale
dramaparam;nevermore26
zeynepsu61;fatihportakal
celikmchelik;candundaradasi
celikmchelik;ekrem_imamoglu
abihyt;abihyt
serpilbingr;rustembatum
beritan122123;zaytungtv
tiginaray;rapor2
tbincan;ibb_kulishaber
mcahitsayr1;izzetdas
mgorkemyildiz;mgorkemyildiz
gokcesensoy1;gokcesensoy1
4d580435ddd1429;nihatsirdar
hakanemre2007;fatihportakal
hakanemre2007;ccanannnnnn
hakanemre2007;ccanannnnnn
gebzehaber41;depremtr
ysmýnecrn;btl60
bariskingir;avukatbahatttin
canmbaydemir3;canmbaydemir3
cag_tay;ufukuras
cag_tay;zaytungtv
erdoana70791948;fatihportakal
buffi2525;ccanannnnnn
buffi2525;ccanannnnnn
filozofemirhan;hetenketenabi
hasanfaruk_08;tc_istanbul
ayguntarim84;nihatsirdar
ayguntarim84;sefa_said
ayguntarim84;sozcumuratoglu
ayguntarim84;profesorfacia
akkusersin57;hetenketenabi
saykoss4;fatihportakal
kadri06945977;fatihportakal
aynuraltinkaya;mikdatca
bedo_bedi;bedo_bedi
eralpbayraktar;eralpbayraktar
sanemnazidil;sevimlicerenli
niyazignen;hetenketenabi
nilglll;ekrem_imamoglu
ata_ruh;nihatsirdar
ivanbelarus;ivanbelarus
zeliha19362279;huseyinocak
zeliha19362279;hasanda33511670
eyt_salim;fatihportakal
olukseyit;barbarosansalfn
olukseyit;ccanannnnnn
arslan__61;fatihportakal
aoronmercanson;sevimlicerenli
ahaktar;ccanannnnnn
ahaktar;ccanannnnnn
zhl53573179;fatihportakal
elifarslangur;osmanozturk28
gngrdalas;nihatsirdar
ofluhoca61__;ofluhoca61__
astrologrosa;astrologrosa
duygu29648350;fatihportakal
ulkgun1;tc_bildiskemal
irmaovagimoglu;fahoogerbeets
irmaovagimoglu;fahoogerbeets
okur201;farukkose52
suuralti0;ekrem_imamoglu
ccikov;ccanannnnnn
ccikov;ccanannnnnn
sasamirqafarov;ekrem_imamoglu
hulya_bengu;ccanannnnnn
wberk09;nihatsirdar
ufuk72668;fatihportakal
cumhuriyetkdn;colakrengin
alibabacan_1;dw_turkce
pisag0r85;fatihportakal
halkborazani;mywayturkey
kavurdbey;gokhanozbek
kavurdbey;fatihportakal
canan14681089;canan14681089
nurgulck;ufukcoskunn
nurgulck;drsezai
babacanturan58;hetenketenabi
esmayanik;fatihportakal
gul98775941;tc_bildiskemal
swanpy;fatihportakal
lm_ergin;ccanannnnnn
demiray_asansor;slymnoz
tahsin_ceylan;tahsin_ceylan
rose94233168;fatihportakal
ayperi19608868;fatihportakal
aturanyigit;ufukcoskunn
ýsilay_demir;fatihportakal
nilimsi;nihatsirdar
tamerdalak;metinuca
whiteberlin36;ccanannnnnn
atilla_22;enveraysevera
akkayali3;fuatugur
hep_sap_olan;tc_istanbul
alirizats61ali;sadecezencefil
comarseven;sinemums
comarseven;trabzon_leeei
brn_ny;hetenketenabi
aysefasulya;fatihportakal
qokhanhva;nihatsirdar
erman76erman;fatihportakal
aygul2372;fatihportakal
bizirgan;nihanaksakalli
ahmetya09494490;dusunduren_deli
ozlemavci70;fatihportakal
utopicia;fatihportakal
utopicia;hzlandrc
haticegrrr;avalia_yeni_hsp
elifars42314493;fuatugur
arslantokincan;candundaradasi
arslantokincan;ccanannnnnn
sakineaydinalp;ccanannnnnn
xawa73;nihatsirdar
nzhks;emrkongar
nzhks;ruhykokturk
yumurta2000;fatihportakal
yumurta2000;tc_bildiskemal
yilmazatabey2;nihatsirdar
ufukdeirmenci9;enveraysevera
oftellioglu;uzunabdurrahman
serhatyildiran;fatihportakal
adanac67;ekrem_imamoglu
canturk6034;dusunduren_deli
hayrettintimurt;hetenketenabi
hayrettintimurt;hetenketenabi
ilkbahar49;ilkbahar49
bittigidiyo;mfatihkutan
brart6;asel1983b
akhgunerigoks;dusunduren_deli
mka_murat77;ajanstarafsiz
ajanstarafsiz;ajanstarafsiz
mehmetekremvar6;ajanstarafsiz
celenk_sibel;milenyumkahin
bysrpl;bysrpl
mstf_bilgili;berceste77
hobladmaseansi;fatihportakal
hasretsa;gokhanozbek
hasretsa;nihatsirdar
olmasa_mektubun;ccanannnnnn
olmasa_mektubun;ccanannnnnn
gunerih2;ekrem_imamoglu
atasoner____;avalia_yeni_hsp
butterfly649;gerilim___
nenno5;rustembatum
kutlulaika;kukuli_53
uurahn50979944;kucukkayaýsmail
uurahn50979944;istanbulbld
rainandsea;drsezai
dostlar3347;gazetesozcu
joker79880929;sefa_said
joker79880929;fatihportakal
ataolarslan;shiftdeletenet
siringalata;ozcanamabasdag1
ocakdantalip;adilserdars
cilo011;hetenketenabi
aradayazaroyle;fatihportakal
kladremzidonme1;birtutamtwitt
atanurbarut;hetenketenabi
orhan_hasanoglu;tilfiningargeta
emir8muharrem;patikagazete
safiyeavc8;fatihportakal
vdjh9lypve9endl;eytserap
vdjh9lypve9endl;kucukkayaýsmail
okkesozeksi;okkesozeksi
mbmavi61;mbmavi61
kokocanbooo;fatihportakal
26lafebesi26;26lafebesi26
ozermelihh;ekrem_imamoglu
ozermelihh;ekrem_imamoglu
dytyunus;dytyunus
abdulbakicoskn;sozcumuratoglu
buyuk_gokhan;fatihportakal
muratyc42405782;hetenketenabi
muratyc42405782;sevkiyilmaz
avfatmabenli;trthaber
hannandan;ahmethc
hannandan;ahmethc
hannandan;ahmethc
hannandan;atakemalercan
voltran196;adilserdars
slmnakyl;fatihportakal
uzaktabiryer;ekrem_imamoglu
hayberfatihi77;politikprofesor
yaban77074622;yaban77074622
ilaudavinci;senanurkutay
ziyafilik;fatihportakal
ozgur_karaduman;istshd
aytkn32;ditrianumtr
mahmut321;fatihportakal
nurdnkarapanir;yenisafakwriter
orta_dogulu;orta_dogulu
irgali1;orta_dogulu
mýnýposta;mýnýposta
mýnýposta;mýnýposta
duzeol;fatihportakal
haticek33745715;drsezai
sevalgencoglu;sevalgencoglu
ziyagun23;hetenketenabi
ziyagun23;hetenketenabi
ziyagun23;fikriakyuz99
ziyagun23;eminpazarci
ziyagun23;fuatugur
ogulcaanarslan;fbliumut34
ogulcaanarslan;nihatsirdar
turkish_agenda;t24comtr
yaktrading;mikailkarli
yaktrading;ensonhaber
sinan69309771;ekrem_imamoglu
fakir83830608;drsezai
yesil_sigorta;yesil_sigorta
ylmaz_caner;sevimlicerenli
binerbaris;fatihportakal
mirzatokpinar;hetenketenabi
neriman1903bj;rustembatum
neriman1903bj;nacigorur
neriman1903bj;nacigorur
neriman1903bj;nacigorur
hakanakyuz85;fatihportakal
vysl_gmsts_1299;avicenna_razi
cgdskrk;ntv
mcpekacar;semseddinbektas
utkumdeniz;mkasirinbab
ghostman1903;ghostman1903
__istanbul__34;ghostman1903
gursesgulumser;alperdmg
gursesgulumser;caglarcilara
denizi2011;nesrinnas
newbahar00;hquzel_
avci_meral;orhanbursalý
erikjoh69746851;nesrinnas
lkulac;nihatsirdar
lkulac;ccanannnnnn
lkulac;ccanannnnnn
goro999;nihatsirdar
eylem1221;fatihportakal
smailzb94922646;hetenketenabi
turk_ulun4934;ilkkursungazete
haticeefkan;zekibahce
ak55362771;sefa_said
marxadam;fatihportakal
robin_hood1212;ccanannnnnn
sahtursigorta;sahtursigorta
sahtursigorta;sahtursigorta
serdarsahinogýu;sahtursigorta
yikik10545621;kucukkayaýsmail
mehmeteminselu1;hetenketenabi
serkanozgoz;rustembatum
serkanozgoz;nihatsirdar
serkanozgoz;ccanannnnnn
serkanozgoz;gokhanozbek
tr_mentalist_tr;fatihportakal
adaaylis;adaaylis
zal_mzal;gokhanozbek
zal_mzal;tc_bildiskemal
zal_mzal;fatihportakal
zal_mzal;deri_nnnn1903
mb_rte;berceste77
imekoluppatlam1;tc_bildiskemal
sonyolcuabbas;nihatsirdar
polyannalar;fatihportakal
polyannalar;hzlandrc
fidancetecioglu;ilhancihaner
ersinkndr;fatihportakal
celalaydogan1;narikbag
eminecitir;turgev
zcan43809267;navyangel07
barbarossa_09;ismailsaymaz
barbarossa_09;ugurdundarsozcu
barbarossa_09;hsnbozkurt
ahu_kurklu;ahu_kurklu
ozguryasar2121;halktvcomtr
maxxroyal0701;fatihportakal
emrealpks;emrealpks
ademakb07986647;fatihportakal
ademakb07986647;mkasirinbab
ilkeatakan;ilkeatakan
hyldrm1211;fatihportakal
turgayhoca2013;necatiozkan
turgayhoca2013;cumhuriyetgzt
adilekalkan3;uzunabdurrahman
sefa09252986;ve
sefa09252986;dbdevletbahceli
sefa09252986;rterdogan
sefa09252986;eyt_haktir
peker_azmi;adnanturfan
peker_azmi;kucukkayaýsmail
bernaersz;fatihportakal
bernaersz;nihatsirdar
bernaersz;tc_bildiskemal
bernaersz;gokhanozbek
stellaesterella;baristerkoglu
serkan7753;uzunabdurrahman
binargilesoyle;fatihportakal
onlibero6;ccanannnnnn
onlibero6;ccanannnnnn
erol_yeliz;fatihportakal
kurtbrsen;kurtbrsen
arzu_kutukculer;adilserdars
moguz1961;ahmetcoskun511
moguz1961;berceste77
banudortok;ntv
serkanzcan15;fatihportakal
etinayar3;ccanannnnnn
etinayar3;ccanannnnnn
karlarerisin;ozer_v
ermanbilgin;fizy
ermanbilgin;radyoland
ermanbilgin;kafaradyo
ermanbilgin;guclumete
m_atlgn;okyanuso0_
oguzhanbaydur;trigerosman
suvari3428;tc_bildiskemal
haber3com;haber3com
haber3com;haber3com
erdemlizeynel35;nihatsirdar
gurbuzumit;ulviyonter
gurbuzumit;mhptbmmgrubu
gurbuzumit;ahaber
o_zlm;candundaradasi
erdal_pertek;berceste77
erdal_pertek;zekibahce
sadksezgin8;cumhuriyetgzt
ercankidis;fatihportakal
pasabey89190986;sssbbl777
basaran_mavruk;ahaber
bernaanalizarti;anilarinardinda
bernaanalizarti;deniz_zeyrek
bernaanalizarti;oznur1976oznur
bernaanalizarti;adilserdars
bernaanalizarti;deniz_zeyrek
bernaanalizarti;oznur1976oznur
abulalper;avcisirvan
ozguncoban;ozguncoban
nurettnocak1;enveraysevera
nurettnocak1;candundaradasi
ýornekal;fatihportakal
ýornekal;ccanannnnnn
uyuzbela;adaletinsafti
randomhorsejr;randomhorsejr
istigna3;berceste77
ahmetzl51773545;sukrualniacik
ahmetzl51773545;hkocabas
sevincerbirsen;ccanannnnnn
sevincerbirsen;kucukkayaýsmail
sevvaldagaynasi;nuranbarnx
keklikkiranyld;tc_bildiskemal
keklikkiranyld;gokhanozbek
keklikkiranyld;nihatsirdar
mustazafgenclik;avishaksaglam
mustazafgenclik;sait__sahin
necmirt3359;aysbltbulut
necmirt3359;efe60ayhan
necmirt3359;errufai
ssrreett;nihatsirdar
ahlaakife_rte;erenali_
aydinonsoy;hetenketenabi
emekcicigdem;fatihportakal
sgozdeaslan;sevimlicerenli
bilgiguctur74;gokhanozbek
yeniakit;yeniakit
karabayramcemil;ccanannnnnn
karabayramcemil;ccanannnnnn
farzetkihaley;zeydankaralar01
farzetkihaley;adana_bld
farzetkihaley;cidebelediyesi
farzetkihaley;mansuryavas06
farzetkihaley;ankarabbld
farzetkihaley;yavruzombie
farzetkihaley;zetlorento
farzetkihaley;ekrem_imamoglu
farzetkihaley;istanbulbld
buzfan;iortaylifan
deliyimkiben2rt;bencedelale
ayline;fatihportakal
ylmzsz30;fatihportakal
ylmzsz30;tc_bildiskemal
sedef25657334;ccanannnnnn
sedef25657334;ccanannnnnn
egitmenbey;hetenketenabi
ekinoxemlak;emlakdergisi
stt2525;hetenketenabi
denizsahin002;sefa_said
bkmy7;candundaradasi
turk2981;fatihportakal
1881_kuvvacimka;vzxky_849
pscluleburgaz;tc_bildiskemal
__darklight0;ozcanamabasdag1
raslanbaba;sertelkemal
aylatuna10;adilserdars
nuri_genc1;cosarf
nuri_genc1;tc_istanbul
emryardimci;yenisafakyazari
unsal_tk;gokhanozbek
accmcp;ebupadre
kaptanevren;mstselanik
kaptanevren;av_selimyavuz
damlayurr;damlayurr
htcglnr;izzetdas
ozguryilmaz25;fatihportakal
kenan86029305;sefa_said
umut_tutal;fatihportakal
umut_tutal;ccanannnnnn
umut_tutal;ccanannnnnn
hatiicep;ucucuyakup
arifkoca75;ekrem_imamoglu
nsiaaci;fatihportakal
hacer_hazem;fatihportakal
esezaies;esezaies
bold_pilot_22;sozcumuratoglu
nejbakan;nihatsirdar
tlinkl14;candundaradasi
nesebiahýskalý;yenisafakyazari
yedincideniz;ilkkursungazete
z__zengin;inonu_dogan
mazzanti_mario;ufukcoskunn
goknurtezcan;ekrem_imamoglu
wunjoo1;ekrem_imamoglu
makmuh1976;kucukkayaýsmail
mucahidakinci;mikdatca
isaatyapan93;muratgener
adiyaman15or;haciykk
uuripek10;ekrem_imamoglu
theerheart;fatihportakal
faruktsc;nacigorur
a_cavlan;istshd
huseyingungor44;mikdatca
serda777;hetenketenabi
ahraz5933;errufai
ahraz5933;efe60ayhan
ahraz5933;aysbltbulut
halimetti;ufukcoskunn
reyhannurpinar;nihatsirdar
erbay59;ekrem_imamoglu
alierolali4;fatihportakal
alierolali4;ccanannnnnn
alierolali4;ccanannnnnn
pz8wjqtk1ssz;fatihportakal
kizilelma_;kizilelma_
gullale65;muratsarica_
ersinýnonu;hetenketenabi
bugecekalsan;ozcanamabasdag1
grkanak80207540;fatihportakal
dayibey33;fatihportakal
wiwiwawa85;dayibey33
wiwiwawa85;fatihportakal
ben01145066;ekrem_imamoglu
cyaltirak;cyaltirak
erbasgurbuz;cyaltirak
vatanse14797324;yelizzkoray
yigittcetin;fatihportakal
trevzmez;nihatsirdar
askimguney;fatihportakal
fvzgvn;hetenketenabi
erkanzd04173683;hurriyet
bulentulgerr;ahval_tr
bulentulgerr;gazeteduvar
feronia62;fatihportakal
alkantln;fatihportakal
alkantln;profesorfacia
avcilardagundem;avcilar_merkez
avcilardagundem;avcilarbel
avcilardagundem;selcuk_selvii
mustafayks_;baristerkoglu
hasandural258;yenisafakwriter
soylusariye;yenisafakyazari
sedat56;mahmuree_chp
kurukahvekokusu;pelinbatutr
buyukustun_tba;nihatsirdar
hasanmerrak2;eminpazarci
tasalugur;nacigorur
tasalugur;nacigorur
mehmetcan198;nihatsirdar
nrykmn19;istanbulbld
onurseckinn34;fatihportakal
tiyatroynuyorum;ccanannnnnn
tiyatroynuyorum;ccanannnnnn
reyhansnn;reyhansnn
onursal62151;biz10tv
onursal62151;ekrem_imamoglu
vatandelisi561;drsezai
syannkar1;fatihportakal
syannkar1;ccanannnnnn
syannkar1;ccanannnnnn
hayvakfi;trthaber
aysegulgungor15;sozcumuratoglu
aysegulgungor15;ebruata_
gok_bel;erdemgrtp
gok_bel;sputnik_tr
gok_bel;sputnik_tr
gok_bel;snky1907_
me_likey_likey_;marktuxan
emelsakarya;fatihportakal
hasimturan1;vedicnorm_
hasimturan1;kandilli_info
gulpar52;nesrinnas
sevkan_guclu;ankahabera
mercek59;sluleci
unalguner1;ekrem_imamoglu
unalguner1;bernalacin35
hurriyeteren;avalia_yeni_hsp
hurriyeteren;sefa_said
hurriyeteren;nesrinnas
volkanozyilmaz;ccanannnnnn
volkanozyilmaz;ccanannnnnn
epivatessp;fatihportakal
srpkrzm;mka98355962
srpkrzm;fatihportakal
srpkrzm;nihatsirdar
osmanyavuzdemi2;tvtevhid
mutumaniaa;nihatsirdar
cevadahmet;fatihportakal
pektaspektas3;ertugrul
pektaspektas3;tcmmvar
bayar0561;fatihportakal
bayar0561;ccanannnnnn
bayar0561;av_selimyavuz
mm_guler;nihatsirdar
asliercanli;tc_istanbul
galipeminoglu;ekrem_imamoglu
rohen_gunerkus;ccanannnnnn
rohen_gunerkus;ccanannnnnn
tukenmez76;nazirekalkangur
gesoogesso;drsezai
canersahin66;canersahin66
rayansamman7;rayansamman7
_berkaykor;ezgyrs
servetgoksu;yenisafakyazari
cnn_celik;ilkkursungazete
trenchkot;trenchkot
trenchkot;trenchkot
trenchkot;trenchkot
aytbsbyk;oznur1976oznur
aytbsbyk;deniz_zeyrek
aytbsbyk;muratsarica_
cagrimelikoglu;fatihportakal
basakyildirim_;nihatipoglu
p24punto24;p24punto24
brahimgkts;fatihportakal
elburuini1;hetenketenabi
lazyildiz34;hetenketenabi
lazyildiz34;ecdadiosmanli25
lazyildiz34;ekrem_imamoglu
lazyildiz34;umutmurare
cekumoff;cuneytozdemir
yemrekoklu;yemrekoklu
saadeta98727817;fatihportakal
gksumetin;kuliskusu
eyt_48;kucukkayaýsmail
anegatifa;nesrinnas
13522014mami;13522014mami
krkt1216;farukkose52
seherbeyazt;orhanaydin6
evreka77;fatihportakal
evreka77;nihatsirdar
melekonuronur;debuffer1
melekonuronur;bekiservet
melekonuronur;yenisafakyazari
alev_rheyma;beitanmk
meryemce53;drsezai
tekhedefs;hetenketenabi
dumanilknur;fatihportakal
saloturka;tc_bildiskemal
haticekiriss;nihatsirdar
tamamsatamammm;mkasirinbab
tamamsatamammm;ibb_kulishaber
mehmetaliturh10;akadirkaraduman
albatroscu;candundaradasi
metinsonalp;metinsonalp
taliptuncer1;metinsonalp
taliptuncer1;alafektenade
kararhaber;kararhaber
secilbaydas;nihatsirdar
basitbirplan;basitbirplan
0whatthehell;cansinn1907
uluc_kaptan;fatihportakal
38_sadecenur;5_alfat
38_sadecenur;ahmetcoskun511
38_sadecenur;nese94_1905
38_sadecenur;fatihtezcan
buserelax;ozcanamabasdag1
kocak_refik;hetenketenabi
elif7075;ccanannnnnn
erenmhrbn;kucukkayaýsmail
erenmhrbn;meltemurtezaog1
kbracolakk;kucukkayaýsmail
kbracolakk;kucukkayaýsmail
sinoplevent;kucukkayaýsmail
senjorjlu;nesrinnas
ilkayaltinay;candundaradasi
karahanask;dusunduren_deli
sssdddp;sssdddp
ham__zal;ham__zal
namutedeyyin;fuatoktay
namutedeyyin;tc_istanbul
makbulyilmaz;fatihportakal
oguzpechenek;avalia_yeni_hsp
yasinrem;ozcanamabasdag1
rahimgunes;ckonusmalar
osmankaya07;fatihportakal
ceydaabilgee;fahoogerbeets
ftaylangs_1905;ccanannnnnn
ftaylangs_1905;ccanannnnnn
ftaylangs_1905;sefa_said
suayipsikloped;orhanbursalý
aksuberfinn;youtube
ak1asya;slymnoz
kvlcm_capulcu;fatihportakal
cnsu9191;nevermore26
fatmaka68968106;debuffer1
demir_derya;drercardio
mustafaalit;mustafaalit
kanatliaysin;kanatliaysin
cemko09cem;fatihportakal
egeninsesi;egeninsesi
ozkan_dalgic;nihatsirdar
cengizkhk672;gazeteduvar
cengizkhk672;kuliskusu
erk_yasin;fatihportakal
cakma_perfect;cakma_perfect
unver_43;sevkiyilmaz
aydemirferudun;eminpazarci
pappaamerikano;pappaamerikano
davyjon53625012;fatihportakal
sistemsakz;sistemsakz
beratya38445488;psg_inside
beratya38445488;halilsoyletmez
gayserili16;hetenketenabi
deryaalbayrak35;tc_bildiskemal
deryaalbayrak35;fatihportakal
deryaalbayrak35;nihatsirdar
deryaalbayrak35;deri_nnnn1903
ýkucukdemir;orumluu2
fatih_2515;yenisafakyazari
depremtahmini;depremtahmini
nilgnbasak1;depremtahmini
canankurt79;ferhandemir25
eytkenaneyt;fatihportakal
halifeosmanli1;dnz_ce
halifeosmanli1;gldnylmz1_51
halifeosmanli1;gldnylmz1_51
halifeosmanli1;afadesenyurt
halifeosmanli1;ahmetkaan79
halifeosmanli1;58_yigidom_58
necmi92759582;ccanannnnnn
ulugnalan;m_cemilkilic
suheyla91737059;fatihportakal
suheyla91737059;ccanannnnnn
hkocabas;hkocabas
foruc6;hkocabas
bilemedim1023;nesrinnas
vuralkulak;yelizzkoray
vuralkulak;sozcumuratoglu
halilah39878907;trthaber
caferozilhan;ccanannnnnn
caferozilhan;ccanannnnnn
yasin__rte;yenisafakyazari
gulsen_ulker;ccanannnnnn
washingtonzort;mstselanik
yavuzkocacýk;drkerem
sevgi44756431;fatihportakal
sevgi44756431;ertugrul
sevgi44756431;tcmmvar
vahide1333;_hadis_
zennurecakmak1;ertugrul
zennurecakmak1;tcmmvar
murat018;fatihportakal
yeniasircomtr;yeniasircomtr
leventuzumcu;ccanannnnnn
mehmettitiz;kucukkay
hulya_ylmz2509;ekrem_imamoglu
kabak_galip;haciykk
kemalistpars;ibrhmvarli
emreýslek;kumtemir_ahmet
okantroy;profesorfacia
okantroy;avalia_yeni_hsp
hpinarcik;politic_tr
sinanksr;nihatsirdar
mbesirsahin4;ozanaydin0732
orhanbursalý;orhanbursalý
tonymontana652;orhanbursalý
tonymontana652;ccanannnnnn
tonymontana652;ccanannnnnn
tonymontana652;fatihportakal
fthbarlin;nihalhatun
dilaayturk;dilaayturk
sevgidinimiz;ccanannnnnn
sevgidinimiz;ccanannnnnn
minik89903151;ccanannnnnn
minik89903151;ccanannnnnn
minik89903151;ibb_kulishaber
minik89903151;fatihportakal
asiyekolcakhdp;birgun_gazetesi
kalsarikannit_;nihatsirdar
yusuf_ca;yusuf_ca
enissisik;fatihportakal
akngegin;fatihportakal
sevimlicerenli;sevimlicerenli
omerfaruqd2;sevimlicerenli
krbck__;krbck__
bilal7289;fikriakyuz99
a3655499;drsezai
osmandnz7278;fatihportakal
osmandnz7278;kucukkayaýsmail
osmandnz7278;bernalacin35
ay55078827;sefa_said
hazaristanbul;ertan080808
musdyyy;celal_hocaniz
sonicbubbleboom;ccanannnnnn
sonicbubbleboom;ccanannnnnn
antiiseptik;fatihportakal
destnymka10;kandilli_info
petekozt;adilserdars
ademkurt1903;caglaaydoner
fatmapalaz8;ekrem_imamoglu
fatmapalaz8;fatihportakal
biboyalikusum;solhaberportali
gecedusu;fatihportakal
býnciri;nihatsirdar
fultansatih;hsnbozkurt
byscrabble;vzxky_849
ibb_kulishaber;ibb_kulishaber
mars3430447265;ibb_kulishaber
mars3430447265;fatihportakal
tripmccoy;nihatsirdar
mblentkafadar;enveraysevera
sumeiyye;sumeiyye
feneravrasya;kubrapc
haberturktv;haberturktv
feneravrasya;haberturktv
feneravrasya;mgulluoglu
tbozkurthoca;tbozkurthoca
aydýnakýncý1903;aydýnakýncý1903
elfzynpchndmr;bernalacin35
cloudpoint1;cansinn1907
deliyimkiben3rt;bencedelale
hulyaogulcan;fatihportakal
ramazan32150991;fuatugur
gayetmutevazi;nihatsirdar
ýsýlker;siyahmetal
karasarzeybegi;cumhuriyetgzt
karasarzeybegi;candundaradasi
kadirbac2;kandilli_info
kadirbac2;kandilli_info
kadirbac2;nihatsirdar
sevimsoylu12;mustfsnmz
sevimsoylu12;avantmen33
sevimsoylu12;ccanannnnnn
sevimsoylu12;ccanannnnnn
busra_rt_;berceste77
busra_rt_;cayirmeral1r
busra_rt_;muhammedbzkir
cinarrozan;fatihportakal
murattieniste;drsezai
ataturkcu_laik;fatihportakal
evladl_osmanll;hetenketenabi
abdulla92982608;fatihportakal
erhankacay;mebpersonelcom
darkelia_;ccanannnnnn
omerguler_60;semseddinbektas
_a_akbay_;yildarado
4ceker;drsezai
guneysimsek35;baristerkoglu
23hgrksl;barbarosansalfn
23hgrksl;ccanannnnnn
istanbull0069;nacitaban
huseyingokce_28;ilkkursungazete
ba3dcyl8yze1fgr;fatihportakal
bektasplaton;dusunduren_deli
melis___c;melis___c
fidemce;birveremli
s_byrkc;s_byrkc
tcmmvar;ertugrul
sluleci;ertugrul
tcmmvar;tcmmvar
sluleci;tcmmvar
_yko__;ilkkursungazete
ekmekveguldpg;ccanannnnnn
ekmekveguldpg;ccanannnnnn
praetorian_61;gokhanozbek
sevimozaydin;nihatsirdar
sevimozaydin;bernalacin35
marloooonn;marloooonn
nazirekalkangur;hepmuhalif3
uzer_;fatihportakal
dilay60511638;candundaradasi
akyolreal;akyolreal
ozler_gulcan;akyolreal
cematakanoguz;mahmuree_chp
xoceanmanx;fatihportakal
ozlemcimenozer;nihatsirdar
ozlemcimenozer;fatihportakal
andrologistik;ccanannnnnn
djsln81;zekibahce
kemalefe2010;fatihportakal
yamanmusa46;izzetdas
cetusaa;haciykk
harunkilic52;mert_s_
bzkrthly;ekrem_imamoglu
tr_cayci;yirmidorttv
kmldmrtr;drsezai
seyfilim1;candundaradasi
fatmakayaalp651;candundaradasi
elisaakcay;ekara_official
1furkanhmmt;sedence_
degiseniyok;ekrem_imamoglu
degiseniyok;ertugrulfilizay
degiseniyok;ekrem_imamoglu
degiseniyok;ertugrulfilizay
forumpolitika;yirmidorttv
bordomamavits;fahoogerbeets
bordomamavits;fahoogerbeets
bordomamavits;kamurantoktanis
bordomamavits;brcntt
bordomamavits;tc_istanbul
sinan_erkal;fatihportakal
dnz_sen;motyeast
dnz_sen;nacigorur
dnz_sen;nacigorur
dnz_sen;tc_bildiskemal
sahin695;sahin695
nomad_ebr;yenisafakyazari
banuguven;banuguven
hayatdevrým;banuguven
maliyekonomi;fatihportakal
bergutay_kzlkya;celal_hocaniz
gldestan4;kucukkayaýsmail
linayildizz;ccanannnnnn
linayildizz;ccanannnnnn
marineblauuz;son__depremler
marineblauuz;depremtr
iinizde11187165;gazetesozcu
iinizde11187165;nazlidediki
bekirazra;fatihportakal
kosedagzeki;ekrem_imamoglu
bluelab55057547;fatihportakal
mehmetcelik150;sozcumuratoglu
mehmetcelik150;avalia_yeni_hsp
samiakn22027105;yenisafakyazari
kadriyeoztunal;birgun_gazetesi
abdulsamed1989;fatihtezcan
abdulsamed1989;06melihgokcek
neslihankrdmr26;hetenketenabi
hakanen24367149;fatihportakal
hakanen24367149;politic_tr
1333masa;7_resit
nalihakan;paranoidpeople3
blnturker;siyahmetal
blnturker;nihatsirdar
sabrsever;helvac67murat
potemkhine;kelmezer
emd029;farukkose52
nilguntuncerr;ekrem_imamoglu
nilguntuncerr;ertugrulfilizay
nilguntuncerr;ekrem_imamoglu
nilguntuncerr;ertugrulfilizay
thisisveraa;fatihportakal
bakannce1;profesorfacia
ahan38870763;fatihportakal
betulilhan;hetenketenabi
krandoa50927274;ccanannnnnn
ekremerayarda;dpgenelbaskani
orhangozelle;bernalacin35
nadjafiliz;ekrem_imamoglu
burakoksuz;tc_bildiskemal
gltengrbz4;muratsarica_
saygun75;yigitbulutt
saygun75;antifinans
sesenene;sefa_said
zafer84;fatihportakal
habercomsosyal;habercomsosyal
ephesusefe35;candundaradasi
kurtu04;dusunduren_deli
aketen1;eminpazarci
bahri_kaptan;aolcayto
karabay_gulay;yenisafakyazari
eminekaldirim;kucukkayaýsmail
nolcakbulkenin1;nolcakbulkenin1
hnmeda;hnmeda
zeynepeksi64;nihatsirdar
vzxky_849;kekce_emin
konyaparsanali;ozgursiir
ahmet_ahmedoglu;politikprofesor
metinguner46;ccanannnnnn
metinguner46;ccanannnnnn
didemaydemir1;baristerkoglu
eneseaytas;tolgatek1n
eneseaytas;ccanannnnnn
eneseaytas;ccanannnnnn
eneseaytas;nevsinmengu
sino_dinoo;nesrinnas
sino_dinoo;sefa_said
sino_dinoo;ccanannnnnn
sino_dinoo;ccanannnnnn
sinnerdarwish;nihatsirdar
razentak;candundaradasi
nslhnnats;fatihportakal
demirturk1940;nihatsirdar
avokado200;nihatsirdar
avokado200;tc_bildiskemal
avokado200;gokhanozbek
avokado200;adilserdars
avokado200;mkasirinbab
apan12264405;kodparcasi
apan12264405;fatihportakal
mesut_karaaytu;sevkiyilmaz
mesut_karaaytu;sevkiyilmaz
imuratramizoglu;tcbuyuksehir
berna_sayan;ekrem_imamoglu
emrekayr6;b_mujdenur
emrekayr6;_delicesine__
emrekayr6;hlya13258265
emrekayr6;ekrem_imamoglu
emrekayr6;tc_bildiskemal
emrekayr6;gokhanozbek
emrekayr6;nihatsirdar
mayaayse1;kucukkayaýsmail
mayaayse1;foxhaber
mayaayse1;kucukkayaýsmail
risaleterapisi;risaleterapisi
beratcakir2012;fatihportakal
eyt_ts;tc_bildiskemal
kabikavseyn;medyaadami
kabikavseyn;hetenketenabi
kamilari;58_yigidom_58
dertlikarinca41;yenisafakyazari
selahattinbal17;ntv
cahidekonca;ccanannnnnn
fehmiersan;mikdatca
rayifoglu;rayifoglu
kalemdar;kalemdar
kalemdar;ahmetay_
enol45685162;ccanannnnnn
ivedihabercom;ivedihabercom
olcul18327800;kucukkayaýsmail
halildisli95;farukkose52
nurtenkarademi2;say_cem
trbeyi01;58_yigidom_58
delilertag;bencedelale
dilekdy;ccanannnnnn
eminezade;bunduqdari
lp27177663;gokhanozbek
_59tr;pelinbatutr
esriiko;dolumetrobus
kerimakkis;dolumetrobus
dekorasyonx;emlakdergisi
hikmetceyhan21;ahmetay_
glinkksal1;ccanannnnnn
glinkksal1;ccanannnnnn
emircankaptan99;fatihportakal
sevgisahin85;sevgisahin85
muslumeg1;vapurfilozofu
aduman1968;ilay_aksoy
aduman1968;ebruata_
butuner_ozgur;kucukkayaýsmail
nuriengin55;avicenna_razi
hesap19698842;fatihportakal
hesap19698842;nihatsirdar
lmaz_gulgun;lmaz_gulgun
oi0025;semseddinbektas
gercekgundem;gercekgundem
ulasguler;fatihportakal
fatmagne1841;_akgercekler
fatmagne1841;06melihgokcek
fatmagne1841;drsezai
hkranl;ccanannnnnn
sevincaydin1995;mkasirinbab
sevincaydin1995;fatihportakal
sevincaydin1995;ccanannnnnn
bediiercantekin;kekce_emin
bediiercantekin;adilserdars
black64348287;izzetdas
cansuyum_k;ekrem_imamoglu
nezih86094021;nezih86094021
leptirss;leptirss
gurbuzhusmen;drsezai
sufleecik;tivityali1
un_unsal;fatihportakal
un_unsal;ccanannnnnn
akutayselami;istanbulbld
rt_karagoz;nese94_1905
rt_karagoz;unlu_nazmiye
rt_karagoz;cayirmeral1r
rt_karagoz;58_yigidom_58
sadýozdemýr;yirmidorttv
sadýozdemýr;yirmidorttv
sadýozdemýr;yirmidorttv
kemalse93278913;nihatsirdar
okancanligil;zaytungtv
metingu13013588;nihatsirdar
rachidamalak41;baskent1525
rachidamalak41;drsezai
phosphenesm;phosphenesm
7_akir;fatihportakal
sayarbilgi01;terket_ist
3asliyehukuk;hzlandrc
parolanuh;fatihportakal
gazetegunboyu;gazetegunboyu
qorkew;fatihportakal
filizyalnkaya4;fatihportakal
ie_korkmaz;ie_korkmaz
onur38589297;onur38589297
huseyinuctepe;hetenketenabi
dusunduren_deli;politikprofesor
orhan54hendek;politikprofesor
alim_unsal;avalia_yeni_hsp
pervinsomer;ccanannnnnn
cansaricoban;fatihportakal
nisaayss;ozcanamabasdag1
adiltopuz;fatihportakal
mehmet_d3;fatihportakal
ysfaydmr;haciykk
veysibicer;hetenketenabi
polatef64170971;polatef64170971
aksubora;ccanannnnnn
aksubora;ccanannnnnn
linamustii;fatihportakal
gkmnbs;tc_bildiskemal
akaberuhu2;berceste77
gokcenayperi;mikdatca
cavitay;nihatsirdar
cavitay;fatihportakal
e_ulukaya1907;fatihportakal
avcilarhabermer;avcilarhabermer
denizaltunays;fatihportakal
denizaltunays;nihatsirdar
denizaltunays;kucukkayaýsmail
kristalsabah;kristalsabah
kristalsabah;kristalsabah
cupcucuk;bernalacin35
aynurozturks;hetenketenabi
albina_46_19y;delizekali_x
humpheryvanwe;smeydan
ksoslff;ekahifa
ertan080808;ertan080808
ichbinbori;ertan080808
vatan5151;haciykk
dsyvx;profesorfacia
kasif0781;rgbdertli
kasif0781;birgun_gazetesi
ceydabirsu;ccanannnnnn
ceydabirsu;nihatsirdar
ylmaznacizyol;sozcumuratoglu
ylmaznacizyol;fatihportakal
elaldisakine;ekrem_imamoglu
elaldisakine;fatihportakal
bahtiyarmuhacir;gokhanozbek
arzuhan81_38;avalia_yeni_hsp
okunduugibi;candundaradasi
yirmidorttv;yirmidorttv
yirmidorttv;yirmidorttv
ahmeth03;yirmidorttv
s_nci;ccanannnnnn
s_nci;ccanannnnnn
muratkartal1806;kucukkayaýsmail
muratkartal1806;nrdncnbl
mkozturk;negatifsephiye
tomrishan4;kodparcasi
helalmermi;mehmet3aslan
helalmermi;dusunduren_deli
mujde_isil;mujde_isil
karamandan_com;karamandan_com
umittseeen;ozcanamabasdag1
savasunludogan;savasunludogan
seckinerim;ufukcoskunn
antepsonnokta;antepsonnokta
tatamzl;terket_ist
rtseyirci;aysbltbulut
rtseyirci;aysbltbulut
samta85589888;tc_bildiskemal
fausdust;fausdust
eisnnsie;nihatsirdar
ata_ca;deri_nnnn1903
ata_ca;adilserdars
ata_ca;fatihportakal
ata_ca;profesorfacia
hcokorekler;afadbaskanlik
hcokorekler;themarginale
onrsy;hetenketenabi
gultekin209;baristerkoglu
sleyman46097732;tivityali1
sleyman46097732;tc_bildiskemal
sleyman46097732;ccanannnnnn
hencerisen;ccanannnnnn
erdcankaya;basgan
sairim_1_1;ozcanamabasdag1
dolumetrobus;dolumetrobus
suratsiz8;dolumetrobus
muallayldz6;grnserpil
muallayldz6;grnserpil
muallayldz6;tcbuyuksehir
muallayldz6;tcbuyuksehir
muallayldz6;ekrem_imamoglu
muallayldz6;ekrem_imamoglu
fundakorkmaz75;nihatsirdar
fundakorkmaz75;ekrem_imamoglu
fundakorkmaz75;fatihportakal
drgulperi;ilkkursungazete
drgulperi;drsezai
drgulperi;hetenketenabi
drgulperi;enveryan
mtepe63;fatihportakal
mustafaýmat4;mtepe63
mustafaýmat4;fatihportakal
bircan8002;hetenketenabi
aylakinsann;nihatbehramoglu
aysuklknmnp;nihatsirdar
ogzhnyel;zekibahce
hayatikarakurt9;kasri_arifan25
gzkyum;guraymollaoglu
rtabuzer;cayirmeral1r
selin_21081992;ccanannnnnn
davuttmr;erkanreis11
davuttmr;reis_rte6
davuttmr;cetin_petek
davuttmr;cetin_petek
davuttmr;cayirmeral1r
selcukors2;selcukors2
manolyaak_;selcukors2
senolyilmaztr;fatihportakal
kayaleyla1;ccanannnnnn
liderrte34;umutmurare
recaifbiznik;ccanannnnnn
eqjbd7v4vj5xpgq;ekrem_imamoglu
cizmesizmehmet;fatihportakal
sirvanakbas;ekrem_imamoglu
muharremcem55;demsultan
demsultan;muharremcem55
erkan_m_utku;kandilli_info
nurcanyldrm16;ekrem_imamoglu
sercncim;suna_altundas
sercncim;sercncim
sercncim;tiberiu39384502
sercncim;aksugebru
sercncim;tiberiu39384502
sercncim;kucukkayaýsmail
sercncim;meltemurtezaog1
sercncim;tiberiu39384502
sercncim;tiberiu39384502
sercncim;meralpamukk
sercncim;kucukkayaýsmail
sercncim;essim_
sercncim;ekara_official
sercncim;ysnysryldrm
sercncim;snmceylann
sercncim;zan_oglu
sercncim;haluk_eyidogan
sercncim;yevrim
sercncim;kucukkayaýsmail
sercncim;elcnerdinc
sercncim;kucukkayaýsmail
sercncim;foxhaber
sercncim;muammeryagan
sercncim;snmceylann
sercncim;zcanzen60077272
sercncim;tiberiu39384502
sercncim;meltemurtezaog1
arikamil;58_yigidom_58
arikamil;y_caloglu
cevdetugurtepe;slymnoz
atamozlu;terket_ist
celal2023;celal2023
kelesoglumemo;kelesoglumemo
bertandanisogl;fatihportakal
mrg725;kucukkayaýsmail
mrg725;nrdncnbl
kedimuezza;zekibahce
kafkuru;zekikayahan
devehac;sefa_said
devehac;fatihportakal
zeynepsarac;nihatsirdar
nuri_pekin;fatihportakal
nuri_pekin;ccanannnnnn
avkalicicek;fatihportakal
altanomur;ekrem_imamoglu
ayeahnaykut1;drsezai
ýskenderylmazer;fatihportakal
aksugebru;demircanozcelik
hilallozdogan;demircanozcelik
mehmettitiz;kucukkaya
meralpamukk;kucukkaya
essim_;kucukkaya
aksugebru;kucukkaya
hilallozdogan;kucukkaya
hilallozdogan;rodentce
hilallozdogan;ysnysryldrm
mehmettitiz;kucu
hilallozdogan;kucu
mehmettitiz;onurkeles44
aksugebru;onurkeles44
hilallozdogan;onurkeles44
elcnerdinc;kucukka
hilallozdogan;kucukka
mehmettitiz;mmtzycl
meralpamukk;mmtzycl
hilallozdogan;mmtzycl
mehmettitiz;gncrelf
mehmettitiz;gncrelf
hilallozdogan;gncrelf
hilallozdogan;gncrelf
ozdemir1memin;zan_oglu
mehmettitiz;zan_oglu
mehmettitiz;zan_oglu
hilallozdogan;zan_oglu
hilallozdogan;zan_oglu
hilallozdogan;ekrem
ozdemir1memin;snmceylann
mehmettitiz;snmceylann
mehmettitiz;snmceylann
meralpamukk;snmceylann
meralpamukk;snmceylann
meralpamukk;snmceylann
aksugebru;snmceylann
hilallozdogan;snmceylann
hilallozdogan;snmceylann
hilallozdogan;snmceylann
hilallozdogan;snmceylann
hilallozdogan;f
tulayisk65;nihatsirdar
tulayisk65;fatihportakal
whitepinetr;profesorfacia
lilcinpolat;aahmetkayra
trk_2010;yenisafakwriter
alicanselin10;fatihportakal
kurt_saim;yenisafakwriter
nrdncnbl;kucukkayaýsmail
nrdncnbl;kucukkayaýsmail
nrdncnbl;kucukkayaýsmail
nrdncnbl;kucukkayaýsmail
sancaklenver;nrdncnbl
sancaklenver;kucukkayaýsmail
yuksel_ercan;yuksel_ercan
kireccitebernus;tebernkireci1
kireccitebernus;tebernkireci1
mani09745667;tirajpres
darksta30114016;kuliskusu
cannuryetiskin;fatihportakal
pinark82;ccanannnnnn
pinark82;ccanannnnnn
bahrifb;hby34
dca3434;ekrem_imamoglu
milliyetci_mka;fatihportakal
nazlivarlik;fatihportakal
aktif_haber;aktif_haber
molaselcuk;nihatsirdar
filizkayan1907;enveryan
kerem83054643;semseddinbektas
beyzaksoy;ozcanamabasdag1
soranakoyan;nihatsirdar
nejatarar;fatihportakal
hhcrshhn;yenisafakwriter
atakýýzý;ertugrulfilizay
atakýýzý;ertugrulfilizay
atakýýzý;fatmacumhurefe
atakýýzý;ekrem_imamoglu
banu29670662;ekrem_imamoglu
zaferozmutaf;zaferarapkirli
zaferozmutaf;adilserdars
geceesendemir1;ccanannnnnn
geceesendemir1;ccanannnnnn
nazarboncuk__;sozcumuratoglu
nazarboncuk__;avalia_yeni_hsp
cemal_denizli;muhammedbzkir
sosyetehaci2;1forza1903
ýlgen_kalender;olgun_mediha
kuzey86907372;kuzey86907372
yusufyzlm3;cayirmeral1r
yusufyzlm3;berceste77
serginuguz;hasmetbaba
serginuguz;zuhalrte
serginuguz;senay4ak
serginuguz;serkan_ficici
serginuguz;b_karadenizli1
serginuguz;taner_hukul
serginuguz;berceste77
sarallll61;avicenna_razi
halkahaber;halkahaber
politic_tr;politic_tr
politic_tr;politic_tr
menaktaha;politic_tr
oyaturhaner;ccanannnnnn
safranes;tc_istanbul
nazirekalkangur;nazirekalkangur
elmasgenc;nazirekalkangur
raciozdemir1;ccanannnnnn
mahsum70453759;avalia_yeni_hsp
mehmetimam7;tc_bildiskemal
mehmetimam7;nihatsirdar
afife_akgl;ruhsatsizavhanm
chiavenesca;sadiksoztutan
yozlu;adilserdars
sigortazeytin;sigortazeytin
beyhandemircio2;ekrem_imamoglu
beyhandemircio2;av_selimyavuz
beyhandemircio2;avalia_yeni_hsp
beyhandemircio2;fatihportakal
beyhandemircio2;candundaradasi
tr_demirvedat;birgun_gazetesi
huseyinn1947;fatihportakal
khrmn_mrve;ezo_ist
khrmn_mrve;berceste77
marxolmasaydi;yenisafakyazari
marxolmasaydi;yenisafakwriter
marxolmasaydi;yenisafakwriter
marxolmasaydi;yenisafakwriter
cemalszer1907;nihatsirdar
sersu1970;nihatsirdar
sersu1970;ccanannnnnn
vedatbykaydn;fuatugur
vedatbykaydn;ensonhaber
turcotimo;av_selimyavuz
cmeral;mikdatca
nnediyosoon;nnediyosoon
yenisafakyazari;yenisafakyazari
yenisafakwriter;yenisafakyazari
abdullah_utar;yenisafakyazari
yolcu_7834;cayirmeral1r
yolcu_7834;bekiservet
ylmz_uzngl;ylmz_uzngl
ceylancetinnn;ccanannnnnn
nurgunozkaynak;candundaradasi
ozkirali;havarenamedya
bahar1984_;nihatsirdar
kuzucuk_nezir;semseddinbektas
elifakanakan;deniz_zeyrek
selim64734883;hetenketenabi
dijemm;aylinkecisi
dijemm;nihatsirdar
plancimehmet;berhansimsek
yunusem38726146;fatihportakal
glseren39166687;dusunduren_deli
yucelayci;hetenketenabi
anadolu48851854;avalia_yeni_hsp
anadolu48851854;mahmuree_chp
ugurcanozen0535;uzunabdurrahman
szymkwk;themarginale
szymkwk;hetenketenabi
tlaypolat;ccanannnnnn
ngnecati;berceste77
ngnecati;ecdadiosmanli25
13gulayay;orhanaydin6
13gulayay;celal_hocaniz
rafi5535;haluk_eyidogan
hilallozdogan;yevrim
hilallozdogan;yevrim
hilallozdogan;yevrim
rafi5535;yevrim
hilallozdogan;mura
rafi5535;mura
hilallozdogan;mgulluoglu
rafi5535;mgulluoglu
zcanzen60077272;kucukkayaýsmail
mehmettitiz;zcanzen60077272
mehmettitiz;zcanzen60077272
mehmettitiz;zcanzen60077272
essim_;zcanzen60077272
muammeryagan;zcanzen60077272
tubistthh;zcanzen60077272
elcnerdinc;zcanzen60077272
hilallozdogan;zcanzen60077272
hilallozdogan;zcanzen60077272
hilallozdogan;zcanzen60077272
rafi5535;zcanzen60077272
hilallozdogan;cansuev91216043
hilallozdogan;cansuev91216043
rafi5535;cansuev91216043
meralpamukk;suna_altundas
hilallozdogan;suna_altundas
hilallozdogan;suna_altundas
hilallozdogan;suna_altundas
hilallozdogan;suna_altundas
hilallozdogan;suna_altundas
rafi5535;suna_altundas
rafi5535;suna_altundas
rafi5535;suna_altundas
rafi5535;suna_altundas
hilallozdogan;incigokcelik
hilallozdogan;kucukkayaýsmail
hilallozdogan;tubistthh
hilallozdogan;ekara_official
hilallozdogan;meltemurtezaog1
hilallozdogan;ekara_official
hilallozdogan;kucukkayaýsmail
hilallozdogan;incigokcelik
hilallozdogan;meralpamukk
hilallozdogan;hndn_kr
hilallozdogan;kucukkayaýsmail
hilallozdogan;meltemurtezaog1
hilallozdogan;foxhaber
hilallozdogan;kucukkayaýsmail
hilallozdogan;elcnerdinc
hilallozdogan;genceroguzhann
hilallozdogan;meralpamukk
hilallozdogan;kucukkayaýsmail
hilallozdogan;essim_
hilallozdogan;tiberiu39384502
hilallozdogan;muammeryagan
hilallozdogan;foxhaber
hilallozdogan;hndn_kr
hilallozdogan;tubistthh
hilallozdogan;tiberiu39384502
hilallozdogan;muammeryagan
hilallozdogan;meltemurtezaog1
hilallozdogan;kucukkayaýsmail
hilallozdogan;sawas_koc
hilallozdogan;kucukkayaýsmail
hilallozdogan;aleyna81002135
hilallozdogan;muammeryagan
hilallozdogan;tiberiu39384502
hilallozdogan;kucukkayaýsmail
hilallozdogan;ozdemir1memin
hilallozdogan;kucukkayaýsmail
hilallozdogan;meltemurtezaog1
hilallozdogan;aksugebru
hilallozdogan;kucukkayaýsmail
hilallozdogan;aleyna81002135
hilallozdogan;elcnerdinc
hilallozdogan;mehmettitiz
hilallozdogan;muammeryagan
hilallozdogan;kucukkayaýsmail
hilallozdogan;emrah_aldemir
hilallozdogan;muammeryagan
hilallozdogan;foxhaber
hilallozdogan;emrah_aldemir
hilallozdogan;aleyna81002135
hilallozdogan;elcnerdinc
hilallozdogan;meltemurtezaog1
hilallozdogan;muammeryagan
hilallozdogan;ekara_official
hilallozdogan;ekara_official
hilallozdogan;elcnerdinc
hilallozdogan;aleyna81002135
hilallozdogan;muammeryagan
hilallozdogan;elcnerdinc
hilallozdogan;ekara_official
hilallozdogan;muammeryagan
hilallozdogan;kucukkayaýsmail
hilallozdogan;elcnerdinc
hilallozdogan;ekara_official
hilallozdogan;kucukkayaýsmail
hilallozdogan;essim_
hilallozdogan;foxhaber
hilallozdogan;kucukkayaýsmail
hilallozdogan;fatihportakal
hilallozdogan;meltemurtezaog1
hilallozdogan;ekara_official
hilallozdogan;muammeryagan
hilallozdogan;incigokcelik
hilallozdogan;foxhaber
hilallozdogan;kucukkayaýsmail
hilallozdogan;elcnerdinc
hilallozdogan;muammeryagan
hilallozdogan;incigokcelik
hilallozdogan;meralpamukk
hilallozdogan;incigokcelik
hilallozdogan;meltemurtezaog1
hilallozdogan;foxhaber
hilallozdogan;kucukkayaýsmail
hilallozdogan;meltemurtezaog1
hilallozdogan;muammeryagan
hilallozdogan;kucukkayaýsmail
hilallozdogan;meltemurtezaog1
hilallozdogan;muammeryagan
hilallozdogan;kucukkayaýsmail
hilallozdogan;muammeryagan
rafi5535;hilallozdogan
rafi5535;hilallozdogan
muammeryagan;rafi5535
tubistthh;rafi5535
rafi5535;kucukkayaýsmail
rafi5535;foxhaber
rafi5535;muammeryagan
rafi5535;elcnerdinc
rafi5535;meltemurtezaog1
rafi5535;meltemurtezaog1
rafi5535;emrah_aldemir
rafi5535;foxhaber
rafi5535;ekara_official
rafi5535;kucukkayaýsmail
rafi5535;elcnerdinc
rafi5535;mehmettitiz
rafi5535;meltemurtezaog1
rafi5535;kucukkayaýsmail
rafi5535;meltemurtezaog1
rafi5535;hndn_kr
rafi5535;kucukkayaýsmail
rafi5535;genceroguzhann
rafi5535;muammeryagan
rafi5535;elcnerdinc
rafi5535;meralpamukk
rafi5535;tiberiu39384502
rafi5535;kucukkayaýsmail
rafi5535;foxhaber
rafi5535;aleyna81002135
rafi5535;kucukkayaýsmail
rafi5535;essim_
rafi5535;tiberiu39384502
rafi5535;kucukkayaýsmail
rafi5535;emrah_aldemir
rafi5535;fatihportakal
rafi5535;muammeryagan
rafi5535;tiberiu39384502
rafi5535;tiberiu39384502
rafi5535;kucukkayaýsmail
rafi5535;foxhaber
rafi5535;essim_
rafi5535;incigokcelik
rafi5535;kucukkayaýsmail
rafi5535;ulubeyceken
rafi5535;afadbaskanlik
rafi5535;suleymansoylu
rafi5535;ekrem_imamoglu
rafi5535;_baskanerdogan
rafi5535;aleyna81002135
rafi5535;hndn_kr
rafi5535;kucukkayaýsmail
rafi5535;meltemurtezaog1
rafi5535;aksugebru
rafi5535;tiberiu39384502
rafi5535;meralpamukk
rafi5535;tiberiu39384502
rafi5535;tiberiu39384502
rafi5535;tiberiu39384502
rafi5535;muammeryagan
rafi5535;tiberiu39384502
rafi5535;kucukkayaýsmail
rafi5535;elcnerdinc
rafi5535;muammeryagan
rafi5535;suleymansoylu
rafi5535;beratalbayrak
rafi5535;meltemurtezaog1
rafi5535;kucukkayaýsmail
rafi5535;meltemurtezaog1
rafi5535;kucukkayaýsmail
rafi5535;emrah_aldemir
nuretti10288414;sevkiyilmaz
58sagla;dusunduren_deli
58sagla;hetenketenabi
ebullatifasaflm;y_caloglu
zicco01769387;nevsinmengu
gyferda;alevihaber2
volkanbykkartal;ccanannnnnn
volkanbykkartal;ccanannnnnn
recep_cini_;drsezai
ozlemkilic70;fatihportakal
hemdemleneneler;yenisafakwriter
hemdemleneneler;yenisafakwriter
seyfulahturksoy;tc_bildiskemal
kadir_hanci;fatihportakal
esmasultanz;fatihportakal
esmasultanz;kucukkayaýsmail
mehmetgogus;drsezai
yavan02;hetenketenabi
e_tititiger;fatihportakal
futkaner;fatihportakal
delilertag3;bencedelale
mehmettitiz;tubistthh
tubistthh;kucukkayaýsmail
tubistthh;kucukkayaýsmail
tubistthh;emrah_aldemir
tubistthh;kucukkayaýsmail
tubistthh;foxhaber
tubistthh;aleyna81002135
tubistthh;genceroguzhann
tubistthh;tiberiu39384502
tubistthh;meralpamukk
tubistthh;kucukkayaýsmail
tubistthh;essim_
tubistthh;kucukkayaýsmail
tubistthh;fatihportakal
tubistthh;muammeryagan
tubistthh;tiberiu39384502
tubistthh;kucukkayaýsmail
tubistthh;foxhaber
tubistthh;essim_
tubistthh;tiberiu39384502
tubistthh;tiberiu39384502
tubistthh;elcnerdinc
tubistthh;muammeryagan
tubistthh;kucukkayaýsmail
tubistthh;ulubeyceken
tubistthh;afadbaskanlik
tubistthh;suleymansoylu
tubistthh;ekrem_imamoglu
tubistthh;_baskanerdogan
tubistthh;aleyna81002135
tubistthh;tiberiu39384502
tubistthh;aksugebru
tubistthh;tiberiu39384502
tubistthh;kucukkayaýsmail
tubistthh;meltemurtezaog1
tubistthh;tiberiu39384502
tubistthh;meralpamukk
tubistthh;kucukkayaýsmail
tubistthh;essim_
tubistthh;tiberiu39384502
tubistthh;tiberiu39384502
elcnerdinc;tubistthh
elcnerdinc;tubistthh
meltemurtezaog1;tubistthh
ozdemir1memin;kucukkayaýsmail
ozdemir1memin;meltemurtezaog1
ozdemir1memin;foxhaber
mehmettitiz;ozdemir1memin
essim_;ozdemir1memin
elcnerdinc;ozdemir1memin
meltemurtezaog1;ozdemir1memin
essim_;sawas_koc
meltemurtezaog1;sawas_koc
mehmettitiz;foxhaber
mehmettitiz;foxhaber
mehmettitiz;foxhaber
meralpamukk;foxhaber
essim_;foxhaber
essim_;foxhaber
muammeryagan;foxhaber
muammeryagan;foxhaber
elcnerdinc;foxhaber
elcnerdinc;foxhaber
aksugebru;foxhaber
meltemurtezaog1;foxhaber
meltemurtezaog1;foxhaber
meltemurtezaog1;foxhaber
genceroguzhann;genceroguzhann
muammeryagan;genceroguzhann
elcnerdinc;genceroguzhann
meltemurtezaog1;genceroguzhann
aleyna81002135;ulubeyceken
muammeryagan;ulubeyceken
elcnerdinc;ulubeyceken
aksugebru;ulubeyceken
meltemurtezaog1;ulubeyceken
aleyna81002135;afadbaskanlik
muammeryagan;afadbaskanlik
elcnerdinc;afadbaskanlik
aksugebru;afadbaskanlik
meltemurtezaog1;afadbaskanlik
aleyna81002135;ekrem_imamoglu
muammeryagan;ekrem_imamoglu
elcnerdinc;ekrem_imamoglu
aksugebru;ekrem_imamoglu
meltemurtezaog1;ekrem_imamoglu
aleyna81002135;_baskanerdogan
muammeryagan;_baskanerdogan
elcnerdinc;_baskanerdogan
aksugebru;_baskanerdogan
meltemurtezaog1;_baskanerdogan
aleyna81002135;suleymansoylu
mehmettitiz;aleyna81002135
mehmettitiz;aleyna81002135
mehmettitiz;aleyna81002135
essim_;aleyna81002135
muammeryagan;aleyna81002135
muammeryagan;aleyna81002135
muammeryagan;aleyna81002135
elcnerdinc;aleyna81002135
elcnerdinc;aleyna81002135
elcnerdinc;aleyna81002135
aksugebru;aleyna81002135
meltemurtezaog1;aleyna81002135
meltemurtezaog1;aleyna81002135
meltemurtezaog1;aleyna81002135
incigokcelik;kucukkayaýsmail
incigokcelik;incigokcelik
mehmettitiz;incigokcelik
mehmettitiz;incigokcelik
mehmettitiz;incigokcelik
essim_;incigokcelik
muammeryagan;incigokcelik
muammeryagan;incigokcelik
elcnerdinc;incigokcelik
elcnerdinc;incigokcelik
aksugebru;incigokcelik
meltemurtezaog1;incigokcelik
essim_;aksugebru
muammeryagan;aksugebru
elcnerdinc;aksugebru
elcnerdinc;aksugebru
aksugebru;meltemurtezaog1
aksugebru;aksugebru
aksugebru;tiberiu39384502
aksugebru;tiberiu39384502
aksugebru;tiberiu39384502
aksugebru;kucukkayaýsmail
aksugebru;suleymansoylu
aksugebru;ekara_official
aksugebru;kucukkayaýsmail
aksugebru;fatihportakal
aksugebru;meltemurtezaog1
aksugebru;kucukkayaýsmail
aksugebru;essim_
aksugebru;ekara_official
aksugebru;kucukkayaýsmail
aksugebru;elcnerdinc
aksugebru;muammeryagan
aksugebru;ekara_official
aksugebru;elcnerdinc
aksugebru;hndn_kr
aksugebru;meltemurtezaog1
aksugebru;essim_
meltemurtezaog1;aksugebru
meltemurtezaog1;aksugebru
hndn_kr;hndn_kr
mehmettitiz;hndn_kr
essim_;hndn_kr
muammeryagan;hndn_kr
elcnerdinc;hndn_kr
meltemurtezaog1;hndn_kr
meltemurtezaog1;hndn_kr
mehmettitiz;kucukkayaýsmail
mehmettitiz;meltemurtezaog1
mehmettitiz;kucukkayaýsmail
mehmettitiz;kucukkayaýsmail
mehmettitiz;meltemurtezaog1
mehmettitiz;kucukkayaýsmail
mehmettitiz;ekara_official
mehmettitiz;elcnerdinc
mehmettitiz;kucukkayaýsmail
mehmettitiz;muammeryagan
mehmettitiz;kucukkayaýsmail
mehmettitiz;essim_
mehmettitiz;kucukkayaýsmail
mehmettitiz;kucukkayaýsmail
mehmettitiz;essim_
mehmettitiz;kucukkayaýsmail
mehmettitiz;emrah_aldemir
mehmettitiz;kucukkayaýsmail
mehmettitiz;meltemurtezaog1
mehmettitiz;kucukkayaýsmail
mehmettitiz;elcnerdinc
mehmettitiz;essim_
mehmettitiz;muammeryagan
mehmettitiz;meltemurtezaog1
mehmettitiz;meltemurtezaog1
meltemurtezaog1;mehmettitiz
meralpamukk;meralpamukk
meralpamukk;kucukkayaýsmail
meralpamukk;meltemurtezaog1
meralpamukk;meralpamukk
meralpamukk;meltemurtezaog1
muammeryagan;meralpamukk
muammeryagan;meralpamukk
elcnerdinc;meralpamukk
meltemurtezaog1;meralpamukk
meltemurtezaog1;meralpamukk
essim_;kucukkayaýsmail
essim_;kucukkayaýsmail
essim_;kucukkayaýsmail
essim_;kucukkayaýsmail
essim_;kucukkayaýsmail
essim_;kucukkayaýsmail
essim_;emrah_aldemir
essim_;kucukkayaýsmail
essim_;elcnerdinc
essim_;muammeryagan
essim_;kucukkayaýsmail
essim_;meltemurtezaog1
essim_;meltemurtezaog1
essim_;meltemurtezaog1
essim_;kucukkayaýsmail
essim_;kucukkayaýsmail
essim_;elcnerdinc
muammeryagan;essim_
muammeryagan;essim_
muammeryagan;essim_
elcnerdinc;essim_
meltemurtezaog1;essim_
meltemurtezaog1;essim_
meltemurtezaog1;essim_
muammeryagan;emrah_aldemir
elcnerdinc;emrah_aldemir
emrah_aldemir;kucukkayaýsmail
meltemurtezaog1;emrah_aldemir
meltemurtezaog1;emrah_aldemir
meltemurtezaog1;emrah_aldemir
0533_600;hetenketenabi
0533_600;eminpazarci
dilekzc38556746;ccanannnnnn
etkili_insan;drsezai
fatihportakal;fatihportakal
muammeryagan;fatihportakal
meltemurtezaog1;fatihportakal
tulaytemiz11;fatihportakal
zkatranci;nihatsirdar
ayhanak21;tc_bildiskemal
eminehulyasen;terket_ist
victory3591;aydemirbulent
cumcuma;cumcuma
muammeryagan;suleymansoylu
elcnerdinc;suleymansoylu
meltemurtezaog1;suleymansoylu
meltemurtezaog1;suleymansoylu
badilogluu;suleymansoylu
meltemurtezaog1;beratalbayrak
badilogluu;beratalbayrak
muammeryagan;meltemurtezaog1
elcnerdinc;meltemurtezaog1
meltemurtezaog1;kucukkayaýsmail
meltemurtezaog1;muammeryagan
meltemurtezaog1;elcnerdinc
meltemurtezaog1;kucukkayaýsmail
meltemurtezaog1;kucukkayaýsmail
meltemurtezaog1;kucukkayaýsmail
meltemurtezaog1;kucukkayaýsmail
meltemurtezaog1;muammeryagan
meltemurtezaog1;kucukkayaýsmail
meltemurtezaog1;kucukkayaýsmail
meltemurtezaog1;kucukkayaýsmail
meltemurtezaog1;kucukkayaýsmail
meltemurtezaog1;kucukkayaýsmail
meltemurtezaog1;tiberiu39384502
meltemurtezaog1;tiberiu39384502
meltemurtezaog1;tiberiu39384502
meltemurtezaog1;kucukkayaýsmail
meltemurtezaog1;tiberiu39384502
meltemurtezaog1;muammeryagan
meltemurtezaog1;kucukkayaýsmail
meltemurtezaog1;muammeryagan
meltemurtezaog1;kucukkayaýsmail
meltemurtezaog1;elcnerdinc
meltemurtezaog1;meltemurtezaog1
meltemurtezaog1;kucukkayaýsmail
meltemurtezaog1;meltemurtezaog1
badilogluu;meltemurtezaog1
muammeryagan;ekara_official
ekara_official;ekara_official
ekara_official;tiberiu39384502
badilogluu;ekara_official
kucukkayaýsmail;kucukkayaýsmail
muammeryagan;kucukkayaýsmail
muammeryagan;kucukkayaýsmail
muammeryagan;kucukkayaýsmail
muammeryagan;kucukkayaýsmail
muammeryagan;kucukkayaýsmail
muammeryagan;kucukkayaýsmail
muammeryagan;kucukkayaýsmail
muammeryagan;kucukkayaýsmail
muammeryagan;kucukkayaýsmail
muammeryagan;kucukkayaýsmail
muammeryagan;kucukkayaýsmail
muammeryagan;kucukkayaýsmail
elcnerdinc;kucukkayaýsmail
elcnerdinc;kucukkayaýsmail
elcnerdinc;kucukkayaýsmail
elcnerdinc;kucukkayaýsmail
elcnerdinc;kucukkayaýsmail
elcnerdinc;kucukkayaýsmail
elcnerdinc;kucukkayaýsmail
elcnerdinc;kucukkayaýsmail
elcnerdinc;kucukkayaýsmail
elcnerdinc;kucukkayaýsmail
elcnerdinc;kucukkayaýsmail
badilogluu;kucukkayaýsmail
muammeryagan;elcnerdinc
muammeryagan;elcnerdinc
elcnerdinc;elcnerdinc
elcnerdinc;muammeryagan
elcnerdinc;tiberiu39384502
elcnerdinc;tiberiu39384502
badilogluu;elcnerdinc
muammeryagan;muammeryagan
muammeryagan;muammeryagan
muammeryagan;tiberiu39384502
muammeryagan;tiberiu39384502
muammeryagan;tiberiu39384502
muammeryagan;muammeryagan
muammeryagan;muammeryagan
muammeryagan;muammeryagan
muammeryagan;tiberiu39384502
muammeryagan;tiberiu39384502
badilogluu;muammeryagan
badilogluu;muammeryagan
tiberiu39384502;tiberiu39384502
tiberiu39384502;tiberiu39384502
tiberiu39384502;tiberiu39384502
tiberiu39384502;tiberiu39384502
tiberiu39384502;tiberiu39384502
tiberiu39384502;tiberiu39384502
tiberiu39384502;tiberiu39384502
tiberiu39384502;tiberiu39384502
tiberiu39384502;tiberiu39384502
tiberiu39384502;tiberiu39384502
tiberiu39384502;tiberiu39384502
tiberiu39384502;tiberiu39384502
tiberiu39384502;tiberiu39384502
tiberiu39384502;tiberiu39384502
badilogluu;tiberiu39384502
badilogluu;tiberiu39384502
vatan_sancak;vatan_sancak
